activity_id,activity_name,granular_name,volume,measurement,predecessor_ids,connection_types,lags,is_service,min_req,max_req,req_volume
2,Аналитика (проект 1),Аналитика,40,hours,10000,FS,1.0,0,"{'Аналитик №3 (3000руб/час)': 0, 'Аналитик №2 (3000руб/час)': 0, 'Аналитик №1 (2000руб/час)': 0}","{'Аналитик №3 (3000руб/час)': 1, 'Аналитик №2 (3000руб/час)': 1, 'Аналитик №1 (2000руб/час)': 1}","{'Аналитик №3 (3000руб/час)': 40, 'Аналитик №2 (3000руб/час)': 40, 'Аналитик №1 (2000руб/час)': 40}"
3,Разработка (проект 1),Разработка,80,hours,"2,10000","FS,FS","1.0,1.0",0,"{'Разработчик №4 (4000руб/час)': 0, 'Разработчик №1 (2000руб/час)': 0, 'Разработчик №3 (3000руб/час)': 0, 'Разработчик №2 (4000руб/час)': 0}","{'Разработчик №4 (4000руб/час)': 1, 'Разработчик №1 (2000руб/час)': 1, 'Разработчик №3 (3000руб/час)': 1, 'Разработчик №2 (4000руб/час)': 1}","{'Разработчик №4 (4000руб/час)': 80, 'Разработчик №1 (2000руб/час)': 80, 'Разработчик №3 (3000руб/час)': 80, 'Разработчик №2 (4000руб/час)': 80}"
4,Тестирование (проект 1),Тестирование,40,hours,"3,10000","FS,FS","1.0,1.0",0,"{'Тестировщик №3 (3000руб/час)': 0, 'Тестировщик №1 (1000руб/час)': 0, 'Тестировщик №2 (1500руб/час)': 0}","{'Тестировщик №3 (3000руб/час)': 1, 'Тестировщик №1 (1000руб/час)': 1, 'Тестировщик №2 (1500руб/час)': 1}","{'Тестировщик №3 (3000руб/час)': 40, 'Тестировщик №1 (1000руб/час)': 40, 'Тестировщик №2 (1500руб/час)': 40}"
6,Аналитика (подпроект 1),Аналитика,40,hours,50000,FS,1.0,0,"{'Аналитик №3 (3000руб/час)': 0, 'Аналитик №2 (3000руб/час)': 0, 'Аналитик №1 (2000руб/час)': 0}","{'Аналитик №3 (3000руб/час)': 1, 'Аналитик №2 (3000руб/час)': 1, 'Аналитик №1 (2000руб/час)': 1}","{'Аналитик №3 (3000руб/час)': 40, 'Аналитик №2 (3000руб/час)': 40, 'Аналитик №1 (2000руб/час)': 40}"
7,Разработка (подпроект 1),Разработка,80,hours,"6,50000","FS,FS","1.0,1.0",0,"{'Разработчик №4 (4000руб/час)': 0, 'Разработчик №1 (2000руб/час)': 0, 'Разработчик №3 (3000руб/час)': 0, 'Разработчик №2 (4000руб/час)': 0}","{'Разработчик №4 (4000руб/час)': 1, 'Разработчик №1 (2000руб/час)': 1, 'Разработчик №3 (3000руб/час)': 1, 'Разработчик №2 (4000руб/час)': 1}","{'Разработчик №4 (4000руб/час)': 80, 'Разработчик №1 (2000руб/час)': 80, 'Разработчик №3 (3000руб/час)': 80, 'Разработчик №2 (4000руб/час)': 80}"
8,Тестирование (подпроект 1),Тестирование,40,hours,"7,50000","FS,FS","1.0,1.0",0,"{'Тестировщик №3 (3000руб/час)': 0, 'Тестировщик №1 (1000руб/час)': 0, 'Тестировщик №2 (1500руб/час)': 0}","{'Тестировщик №3 (3000руб/час)': 1, 'Тестировщик №1 (1000руб/час)': 1, 'Тестировщик №2 (1500руб/час)': 1}","{'Тестировщик №3 (3000руб/час)': 40, 'Тестировщик №1 (1000руб/час)': 40, 'Тестировщик №2 (1500руб/час)': 40}"
10,Аналитика (проект 2),Аналитика,80,hours,90000,FS,1.0,0,"{'Аналитик №3 (3000руб/час)': 0, 'Аналитик №2 (3000руб/час)': 0, 'Аналитик №1 (2000руб/час)': 0}","{'Аналитик №3 (3000руб/час)': 1, 'Аналитик №2 (3000руб/час)': 1, 'Аналитик №1 (2000руб/час)': 1}","{'Аналитик №3 (3000руб/час)': 80, 'Аналитик №2 (3000руб/час)': 80, 'Аналитик №1 (2000руб/час)': 80}"
11,Разработка (проект 2),Разработка,160,hours,"10,90000","FS,FS","1.0,1.0",0,"{'Разработчик №4 (4000руб/час)': 0, 'Разработчик №1 (2000руб/час)': 0, 'Разработчик №3 (3000руб/час)': 0, 'Разработчик №2 (4000руб/час)': 0}","{'Разработчик №4 (4000руб/час)': 1, 'Разработчик №1 (2000руб/час)': 1, 'Разработчик №3 (3000руб/час)': 1, 'Разработчик №2 (4000руб/час)': 1}","{'Разработчик №4 (4000руб/час)': 160, 'Разработчик №1 (2000руб/час)': 160, 'Разработчик №3 (3000руб/час)': 160, 'Разработчик №2 (4000руб/час)': 160}"
12,Тестирование (проект 2),Тестирование,80,hours,"11,90000","FS,FS","1.0,1.0",0,"{'Тестировщик №3 (3000руб/час)': 0, 'Тестировщик №1 (1000руб/час)': 0, 'Тестировщик №2 (1500руб/час)': 0}","{'Тестировщик №3 (3000руб/час)': 1, 'Тестировщик №1 (1000руб/час)': 1, 'Тестировщик №2 (1500руб/час)': 1}","{'Тестировщик №3 (3000руб/час)': 80, 'Тестировщик №1 (1000руб/час)': 80, 'Тестировщик №2 (1500руб/час)': 80}"
14,Аналитика (проект 3),Аналитика,120,hours,130000,FS,1.0,0,"{'Аналитик №3 (3000руб/час)': 0, 'Аналитик №2 (3000руб/час)': 0, 'Аналитик №1 (2000руб/час)': 0}","{'Аналитик №3 (3000руб/час)': 1, 'Аналитик №2 (3000руб/час)': 1, 'Аналитик №1 (2000руб/час)': 1}","{'Аналитик №3 (3000руб/час)': 120, 'Аналитик №2 (3000руб/час)': 120, 'Аналитик №1 (2000руб/час)': 120}"
15,Разработка (проект 3),Разработка,240,hours,"14,130000","FS,FS","1.0,1.0",0,"{'Разработчик №4 (4000руб/час)': 0, 'Разработчик №1 (2000руб/час)': 0, 'Разработчик №3 (3000руб/час)': 0, 'Разработчик №2 (4000руб/час)': 0}","{'Разработчик №4 (4000руб/час)': 1, 'Разработчик №1 (2000руб/час)': 1, 'Разработчик №3 (3000руб/час)': 1, 'Разработчик №2 (4000руб/час)': 1}","{'Разработчик №4 (4000руб/час)': 240, 'Разработчик №1 (2000руб/час)': 240, 'Разработчик №3 (3000руб/час)': 240, 'Разработчик №2 (4000руб/час)': 240}"
16,Тестирование (проект 3),Тестирование,120,hours,"15,130000","FS,FS","1.0,1.0",0,"{'Тестировщик №3 (3000руб/час)': 0, 'Тестировщик №1 (1000руб/час)': 0, 'Тестировщик №2 (1500руб/час)': 0}","{'Тестировщик №3 (3000руб/час)': 1, 'Тестировщик №1 (1000руб/час)': 1, 'Тестировщик №2 (1500руб/час)': 1}","{'Тестировщик №3 (3000руб/час)': 120, 'Тестировщик №1 (1000руб/час)': 120, 'Тестировщик №2 (1500руб/час)': 120}"
18,Аналитика (проект 4),Аналитика,40,hours,170000,FS,1.0,0,"{'Аналитик №3 (3000руб/час)': 0, 'Аналитик №2 (3000руб/час)': 0, 'Аналитик №1 (2000руб/час)': 0}","{'Аналитик №3 (3000руб/час)': 1, 'Аналитик №2 (3000руб/час)': 1, 'Аналитик №1 (2000руб/час)': 1}","{'Аналитик №3 (3000руб/час)': 40, 'Аналитик №2 (3000руб/час)': 40, 'Аналитик №1 (2000руб/час)': 40}"
19,Разработка (проект 4),Разработка,80,hours,"18,170000","FS,FS","1.0,1.0",0,"{'Разработчик №4 (4000руб/час)': 0, 'Разработчик №1 (2000руб/час)': 0, 'Разработчик №3 (3000руб/час)': 0, 'Разработчик №2 (4000руб/час)': 0}","{'Разработчик №4 (4000руб/час)': 1, 'Разработчик №1 (2000руб/час)': 1, 'Разработчик №3 (3000руб/час)': 1, 'Разработчик №2 (4000руб/час)': 1}","{'Разработчик №4 (4000руб/час)': 80, 'Разработчик №1 (2000руб/час)': 80, 'Разработчик №3 (3000руб/час)': 80, 'Разработчик №2 (4000руб/час)': 80}"
20,Тестирование (проект 4),Тестирование,40,hours,"19,170000","FS,FS","1.0,1.0",0,"{'Тестировщик №3 (3000руб/час)': 0, 'Тестировщик №1 (1000руб/час)': 0, 'Тестировщик №2 (1500руб/час)': 0}","{'Тестировщик №3 (3000руб/час)': 1, 'Тестировщик №1 (1000руб/час)': 1, 'Тестировщик №2 (1500руб/час)': 1}","{'Тестировщик №3 (3000руб/час)': 40, 'Тестировщик №1 (1000руб/час)': 40, 'Тестировщик №2 (1500руб/час)': 40}"
22,Аналитика (подпроект 4),Аналитика,40,hours,210000,FS,1.0,0,"{'Аналитик №3 (3000руб/час)': 0, 'Аналитик №2 (3000руб/час)': 0, 'Аналитик №1 (2000руб/час)': 0}","{'Аналитик №3 (3000руб/час)': 1, 'Аналитик №2 (3000руб/час)': 1, 'Аналитик №1 (2000руб/час)': 1}","{'Аналитик №3 (3000руб/час)': 40, 'Аналитик №2 (3000руб/час)': 40, 'Аналитик №1 (2000руб/час)': 40}"
23,Разработка (подпроект 4),Разработка,80,hours,"22,210000","FS,FS","1.0,1.0",0,"{'Разработчик №4 (4000руб/час)': 0, 'Разработчик №1 (2000руб/час)': 0, 'Разработчик №3 (3000руб/час)': 0, 'Разработчик №2 (4000руб/час)': 0}","{'Разработчик №4 (4000руб/час)': 1, 'Разработчик №1 (2000руб/час)': 1, 'Разработчик №3 (3000руб/час)': 1, 'Разработчик №2 (4000руб/час)': 1}","{'Разработчик №4 (4000руб/час)': 80, 'Разработчик №1 (2000руб/час)': 80, 'Разработчик №3 (3000руб/час)': 80, 'Разработчик №2 (4000руб/час)': 80}"
24,Тестирование (подпроект 4),Тестирование,40,hours,"23,210000","FS,FS","1.0,1.0",0,"{'Тестировщик №3 (3000руб/час)': 0, 'Тестировщик №1 (1000руб/час)': 0, 'Тестировщик №2 (1500руб/час)': 0}","{'Тестировщик №3 (3000руб/час)': 1, 'Тестировщик №1 (1000руб/час)': 1, 'Тестировщик №2 (1500руб/час)': 1}","{'Тестировщик №3 (3000руб/час)': 40, 'Тестировщик №1 (1000руб/час)': 40, 'Тестировщик №2 (1500руб/час)': 40}"
26,Аналитика (проект 5),Аналитика,80,hours,250000,FS,1.0,0,"{'Аналитик №3 (3000руб/час)': 0, 'Аналитик №2 (3000руб/час)': 0, 'Аналитик №1 (2000руб/час)': 0}","{'Аналитик №3 (3000руб/час)': 1, 'Аналитик №2 (3000руб/час)': 1, 'Аналитик №1 (2000руб/час)': 1}","{'Аналитик №3 (3000руб/час)': 80, 'Аналитик №2 (3000руб/час)': 80, 'Аналитик №1 (2000руб/час)': 80}"
27,Разработка (проект 5),Разработка,160,hours,"26,250000","FS,FS","1.0,1.0",0,"{'Разработчик №4 (4000руб/час)': 0, 'Разработчик №1 (2000руб/час)': 0, 'Разработчик №3 (3000руб/час)': 0, 'Разработчик №2 (4000руб/час)': 0}","{'Разработчик №4 (4000руб/час)': 1, 'Разработчик №1 (2000руб/час)': 1, 'Разработчик №3 (3000руб/час)': 1, 'Разработчик №2 (4000руб/час)': 1}","{'Разработчик №4 (4000руб/час)': 160, 'Разработчик №1 (2000руб/час)': 160, 'Разработчик №3 (3000руб/час)': 160, 'Разработчик №2 (4000руб/час)': 160}"
28,Тестирование (проект 5),Тестирование,80,hours,"27,250000","FS,FS","1.0,1.0",0,"{'Тестировщик №3 (3000руб/час)': 0, 'Тестировщик №1 (1000руб/час)': 0, 'Тестировщик №2 (1500руб/час)': 0}","{'Тестировщик №3 (3000руб/час)': 1, 'Тестировщик №1 (1000руб/час)': 1, 'Тестировщик №2 (1500руб/час)': 1}","{'Тестировщик №3 (3000руб/час)': 80, 'Тестировщик №1 (1000руб/час)': 80, 'Тестировщик №2 (1500руб/час)': 80}"
30,Аналитика (проект 6),Аналитика,120,hours,"20,290000","FS,FS","1.0,1.0",0,"{'Аналитик №3 (3000руб/час)': 0, 'Аналитик №2 (3000руб/час)': 0, 'Аналитик №1 (2000руб/час)': 0}","{'Аналитик №3 (3000руб/час)': 1, 'Аналитик №2 (3000руб/час)': 1, 'Аналитик №1 (2000руб/час)': 1}","{'Аналитик №3 (3000руб/час)': 120, 'Аналитик №2 (3000руб/час)': 120, 'Аналитик №1 (2000руб/час)': 120}"
31,Разработка (проект 6),Разработка,240,hours,"30,290000","FS,FS","1.0,1.0",0,"{'Разработчик №4 (4000руб/час)': 0, 'Разработчик №1 (2000руб/час)': 0, 'Разработчик №3 (3000руб/час)': 0, 'Разработчик №2 (4000руб/час)': 0}","{'Разработчик №4 (4000руб/час)': 1, 'Разработчик №1 (2000руб/час)': 1, 'Разработчик №3 (3000руб/час)': 1, 'Разработчик №2 (4000руб/час)': 1}","{'Разработчик №4 (4000руб/час)': 240, 'Разработчик №1 (2000руб/час)': 240, 'Разработчик №3 (3000руб/час)': 240, 'Разработчик №2 (4000руб/час)': 240}"
32,Тестирование (проект 6),Тестирование,120,hours,"31,290000","FS,FS","1.0,1.0",0,"{'Тестировщик №3 (3000руб/час)': 0, 'Тестировщик №1 (1000руб/час)': 0, 'Тестировщик №2 (1500руб/час)': 0}","{'Тестировщик №3 (3000руб/час)': 1, 'Тестировщик №1 (1000руб/час)': 1, 'Тестировщик №2 (1500руб/час)': 1}","{'Тестировщик №3 (3000руб/час)': 120, 'Тестировщик №1 (1000руб/час)': 120, 'Тестировщик №2 (1500руб/час)': 120}"
34,Аналитика (подпроект 6.1),Аналитика,40,hours,"20,330000","FS,FS","1.0,1.0",0,"{'Аналитик №3 (3000руб/час)': 0, 'Аналитик №2 (3000руб/час)': 0, 'Аналитик №1 (2000руб/час)': 0}","{'Аналитик №3 (3000руб/час)': 1, 'Аналитик №2 (3000руб/час)': 1, 'Аналитик №1 (2000руб/час)': 1}","{'Аналитик №3 (3000руб/час)': 40, 'Аналитик №2 (3000руб/час)': 40, 'Аналитик №1 (2000руб/час)': 40}"
35,Разработка (подпроект 6.1),Разработка,80,hours,"34,330000","FS,FS","1.0,1.0",0,"{'Разработчик №4 (4000руб/час)': 0, 'Разработчик №1 (2000руб/час)': 0, 'Разработчик №3 (3000руб/час)': 0, 'Разработчик №2 (4000руб/час)': 0}","{'Разработчик №4 (4000руб/час)': 1, 'Разработчик №1 (2000руб/час)': 1, 'Разработчик №3 (3000руб/час)': 1, 'Разработчик №2 (4000руб/час)': 1}","{'Разработчик №4 (4000руб/час)': 80, 'Разработчик №1 (2000руб/час)': 80, 'Разработчик №3 (3000руб/час)': 80, 'Разработчик №2 (4000руб/час)': 80}"
36,Тестирование (подпроект 6.1),Тестирование,40,hours,"35,330000","FS,FS","1.0,1.0",0,"{'Тестировщик №3 (3000руб/час)': 0, 'Тестировщик №1 (1000руб/час)': 0, 'Тестировщик №2 (1500руб/час)': 0}","{'Тестировщик №3 (3000руб/час)': 1, 'Тестировщик №1 (1000руб/час)': 1, 'Тестировщик №2 (1500руб/час)': 1}","{'Тестировщик №3 (3000руб/час)': 40, 'Тестировщик №1 (1000руб/час)': 40, 'Тестировщик №2 (1500руб/час)': 40}"
38,Аналитика (подпроект 6.2),Аналитика,40,hours,"36,370000","FS,FS","1.0,1.0",0,"{'Аналитик №3 (3000руб/час)': 0, 'Аналитик №2 (3000руб/час)': 0, 'Аналитик №1 (2000руб/час)': 0}","{'Аналитик №3 (3000руб/час)': 1, 'Аналитик №2 (3000руб/час)': 1, 'Аналитик №1 (2000руб/час)': 1}","{'Аналитик №3 (3000руб/час)': 40, 'Аналитик №2 (3000руб/час)': 40, 'Аналитик №1 (2000руб/час)': 40}"
39,Разработка (подпроект 6.2),Разработка,80,hours,"38,370000","FS,FS","1.0,1.0",0,"{'Разработчик №4 (4000руб/час)': 0, 'Разработчик №1 (2000руб/час)': 0, 'Разработчик №3 (3000руб/час)': 0, 'Разработчик №2 (4000руб/час)': 0}","{'Разработчик №4 (4000руб/час)': 1, 'Разработчик №1 (2000руб/час)': 1, 'Разработчик №3 (3000руб/час)': 1, 'Разработчик №2 (4000руб/час)': 1}","{'Разработчик №4 (4000руб/час)': 80, 'Разработчик №1 (2000руб/час)': 80, 'Разработчик №3 (3000руб/час)': 80, 'Разработчик №2 (4000руб/час)': 80}"
40,Тестирование (подпроект 6.2),Тестирование,40,hours,"39,370000","FS,FS","1.0,1.0",0,"{'Тестировщик №3 (3000руб/час)': 0, 'Тестировщик №1 (1000руб/час)': 0, 'Тестировщик №2 (1500руб/час)': 0}","{'Тестировщик №3 (3000руб/час)': 1, 'Тестировщик №1 (1000руб/час)': 1, 'Тестировщик №2 (1500руб/час)': 1}","{'Тестировщик №3 (3000руб/час)': 40, 'Тестировщик №1 (1000руб/час)': 40, 'Тестировщик №2 (1500руб/час)': 40}"
42,Аналитика (проект 7),Аналитика,40,hours,"39,410000","FS,FS","1.0,1.0",0,"{'Аналитик №3 (3000руб/час)': 0, 'Аналитик №2 (3000руб/час)': 0, 'Аналитик №1 (2000руб/час)': 0}","{'Аналитик №3 (3000руб/час)': 1, 'Аналитик №2 (3000руб/час)': 1, 'Аналитик №1 (2000руб/час)': 1}","{'Аналитик №3 (3000руб/час)': 40, 'Аналитик №2 (3000руб/час)': 40, 'Аналитик №1 (2000руб/час)': 40}"
43,Разработка (проект 7),Разработка,80,hours,"42,410000","FS,FS","1.0,1.0",0,"{'Разработчик №4 (4000руб/час)': 0, 'Разработчик №1 (2000руб/час)': 0, 'Разработчик №3 (3000руб/час)': 0, 'Разработчик №2 (4000руб/час)': 0}","{'Разработчик №4 (4000руб/час)': 1, 'Разработчик №1 (2000руб/час)': 1, 'Разработчик №3 (3000руб/час)': 1, 'Разработчик №2 (4000руб/час)': 1}","{'Разработчик №4 (4000руб/час)': 80, 'Разработчик №1 (2000руб/час)': 80, 'Разработчик №3 (3000руб/час)': 80, 'Разработчик №2 (4000руб/час)': 80}"
44,Тестирование (проект 7),Тестирование,40,hours,"43,410000","FS,FS","1.0,1.0",0,"{'Тестировщик №3 (3000руб/час)': 0, 'Тестировщик №1 (1000руб/час)': 0, 'Тестировщик №2 (1500руб/час)': 0}","{'Тестировщик №3 (3000руб/час)': 1, 'Тестировщик №1 (1000руб/час)': 1, 'Тестировщик №2 (1500руб/час)': 1}","{'Тестировщик №3 (3000руб/час)': 40, 'Тестировщик №1 (1000руб/час)': 40, 'Тестировщик №2 (1500руб/час)': 40}"
46,Аналитика (подпроект 7),Аналитика,40,hours,"34,450000","FS,FS","1.0,1.0",0,"{'Аналитик №3 (3000руб/час)': 0, 'Аналитик №2 (3000руб/час)': 0, 'Аналитик №1 (2000руб/час)': 0}","{'Аналитик №3 (3000руб/час)': 1, 'Аналитик №2 (3000руб/час)': 1, 'Аналитик №1 (2000руб/час)': 1}","{'Аналитик №3 (3000руб/час)': 40, 'Аналитик №2 (3000руб/час)': 40, 'Аналитик №1 (2000руб/час)': 40}"
47,Разработка (подпроект 7),Разработка,80,hours,"46,450000","FS,FS","1.0,1.0",0,"{'Разработчик №4 (4000руб/час)': 0, 'Разработчик №1 (2000руб/час)': 0, 'Разработчик №3 (3000руб/час)': 0, 'Разработчик №2 (4000руб/час)': 0}","{'Разработчик №4 (4000руб/час)': 1, 'Разработчик №1 (2000руб/час)': 1, 'Разработчик №3 (3000руб/час)': 1, 'Разработчик №2 (4000руб/час)': 1}","{'Разработчик №4 (4000руб/час)': 80, 'Разработчик №1 (2000руб/час)': 80, 'Разработчик №3 (3000руб/час)': 80, 'Разработчик №2 (4000руб/час)': 80}"
48,Тестирование (подпроект 7),Тестирование,40,hours,"47,450000","FS,FS","1.0,1.0",0,"{'Тестировщик №3 (3000руб/час)': 0, 'Тестировщик №1 (1000руб/час)': 0, 'Тестировщик №2 (1500руб/час)': 0}","{'Тестировщик №3 (3000руб/час)': 1, 'Тестировщик №1 (1000руб/час)': 1, 'Тестировщик №2 (1500руб/час)': 1}","{'Тестировщик №3 (3000руб/час)': 40, 'Тестировщик №1 (1000руб/час)': 40, 'Тестировщик №2 (1500руб/час)': 40}"
50,Аналитика (проект 8),Аналитика,80,hours,"16,490000","FS,FS","1.0,1.0",0,"{'Аналитик №3 (3000руб/час)': 0, 'Аналитик №2 (3000руб/час)': 0, 'Аналитик №1 (2000руб/час)': 0}","{'Аналитик №3 (3000руб/час)': 1, 'Аналитик №2 (3000руб/час)': 1, 'Аналитик №1 (2000руб/час)': 1}","{'Аналитик №3 (3000руб/час)': 80, 'Аналитик №2 (3000руб/час)': 80, 'Аналитик №1 (2000руб/час)': 80}"
51,Разработка (проект 8),Разработка,160,hours,"50,490000","FS,FS","1.0,1.0",0,"{'Разработчик №4 (4000руб/час)': 0, 'Разработчик №1 (2000руб/час)': 0, 'Разработчик №3 (3000руб/час)': 0, 'Разработчик №2 (4000руб/час)': 0}","{'Разработчик №4 (4000руб/час)': 1, 'Разработчик №1 (2000руб/час)': 1, 'Разработчик №3 (3000руб/час)': 1, 'Разработчик №2 (4000руб/час)': 1}","{'Разработчик №4 (4000руб/час)': 160, 'Разработчик №1 (2000руб/час)': 160, 'Разработчик №3 (3000руб/час)': 160, 'Разработчик №2 (4000руб/час)': 160}"
52,Тестирование (проект 8),Тестирование,80,hours,"51,490000","FS,FS","1.0,1.0",0,"{'Тестировщик №3 (3000руб/час)': 0, 'Тестировщик №1 (1000руб/час)': 0, 'Тестировщик №2 (1500руб/час)': 0}","{'Тестировщик №3 (3000руб/час)': 1, 'Тестировщик №1 (1000руб/час)': 1, 'Тестировщик №2 (1500руб/час)': 1}","{'Тестировщик №3 (3000руб/час)': 80, 'Тестировщик №1 (1000руб/час)': 80, 'Тестировщик №2 (1500руб/час)': 80}"
54,Аналитика (проект 9),Аналитика,120,hours,530000,FS,1.0,0,"{'Аналитик №3 (3000руб/час)': 0, 'Аналитик №2 (3000руб/час)': 0, 'Аналитик №1 (2000руб/час)': 0}","{'Аналитик №3 (3000руб/час)': 1, 'Аналитик №2 (3000руб/час)': 1, 'Аналитик №1 (2000руб/час)': 1}","{'Аналитик №3 (3000руб/час)': 120, 'Аналитик №2 (3000руб/час)': 120, 'Аналитик №1 (2000руб/час)': 120}"
55,Разработка (проект 9),Разработка,240,hours,"54,530000","FS,FS","1.0,1.0",0,"{'Разработчик №4 (4000руб/час)': 0, 'Разработчик №1 (2000руб/час)': 0, 'Разработчик №3 (3000руб/час)': 0, 'Разработчик №2 (4000руб/час)': 0}","{'Разработчик №4 (4000руб/час)': 1, 'Разработчик №1 (2000руб/час)': 1, 'Разработчик №3 (3000руб/час)': 1, 'Разработчик №2 (4000руб/час)': 1}","{'Разработчик №4 (4000руб/час)': 240, 'Разработчик №1 (2000руб/час)': 240, 'Разработчик №3 (3000руб/час)': 240, 'Разработчик №2 (4000руб/час)': 240}"
56,Тестирование (проект 9),Тестирование,120,hours,"55,530000","FS,FS","1.0,1.0",0,"{'Тестировщик №3 (3000руб/час)': 0, 'Тестировщик №1 (1000руб/час)': 0, 'Тестировщик №2 (1500руб/час)': 0}","{'Тестировщик №3 (3000руб/час)': 1, 'Тестировщик №1 (1000руб/час)': 1, 'Тестировщик №2 (1500руб/час)': 1}","{'Тестировщик №3 (3000руб/час)': 120, 'Тестировщик №1 (1000руб/час)': 120, 'Тестировщик №2 (1500руб/час)': 120}"
58,Аналитика (проект 10),Аналитика,120,hours,570000,FS,1.0,0,"{'Аналитик №3 (3000руб/час)': 0, 'Аналитик №2 (3000руб/час)': 0, 'Аналитик №1 (2000руб/час)': 0}","{'Аналитик №3 (3000руб/час)': 1, 'Аналитик №2 (3000руб/час)': 1, 'Аналитик №1 (2000руб/час)': 1}","{'Аналитик №3 (3000руб/час)': 120, 'Аналитик №2 (3000руб/час)': 120, 'Аналитик №1 (2000руб/час)': 120}"
59,Разработка (проект 10),Разработка,240,hours,"58,570000","FS,FS","1.0,1.0",0,"{'Разработчик №4 (4000руб/час)': 0, 'Разработчик №1 (2000руб/час)': 0, 'Разработчик №3 (3000руб/час)': 0, 'Разработчик №2 (4000руб/час)': 0}","{'Разработчик №4 (4000руб/час)': 1, 'Разработчик №1 (2000руб/час)': 1, 'Разработчик №3 (3000руб/час)': 1, 'Разработчик №2 (4000руб/час)': 1}","{'Разработчик №4 (4000руб/час)': 240, 'Разработчик №1 (2000руб/час)': 240, 'Разработчик №3 (3000руб/час)': 240, 'Разработчик №2 (4000руб/час)': 240}"
60,Тестирование (проект 10),Тестирование,120,hours,"59,570000","FS,FS","1.0,1.0",0,"{'Тестировщик №3 (3000руб/час)': 0, 'Тестировщик №1 (1000руб/час)': 0, 'Тестировщик №2 (1500руб/час)': 0}","{'Тестировщик №3 (3000руб/час)': 1, 'Тестировщик №1 (1000руб/час)': 1, 'Тестировщик №2 (1500руб/час)': 1}","{'Тестировщик №3 (3000руб/час)': 120, 'Тестировщик №1 (1000руб/час)': 120, 'Тестировщик №2 (1500руб/час)': 120}"
62,Аналитика (проект 11),Аналитика,40,hours,610000,FS,1.0,0,"{'Аналитик №3 (3000руб/час)': 0, 'Аналитик №2 (3000руб/час)': 0, 'Аналитик №1 (2000руб/час)': 0}","{'Аналитик №3 (3000руб/час)': 1, 'Аналитик №2 (3000руб/час)': 1, 'Аналитик №1 (2000руб/час)': 1}","{'Аналитик №3 (3000руб/час)': 40, 'Аналитик №2 (3000руб/час)': 40, 'Аналитик №1 (2000руб/час)': 40}"
63,Разработка (проект 11),Разработка,80,hours,"62,610000","FS,FS","1.0,1.0",0,"{'Разработчик №4 (4000руб/час)': 0, 'Разработчик №1 (2000руб/час)': 0, 'Разработчик №3 (3000руб/час)': 0, 'Разработчик №2 (4000руб/час)': 0}","{'Разработчик №4 (4000руб/час)': 1, 'Разработчик №1 (2000руб/час)': 1, 'Разработчик №3 (3000руб/час)': 1, 'Разработчик №2 (4000руб/час)': 1}","{'Разработчик №4 (4000руб/час)': 80, 'Разработчик №1 (2000руб/час)': 80, 'Разработчик №3 (3000руб/час)': 80, 'Разработчик №2 (4000руб/час)': 80}"
64,Тестирование (проект 11),Тестирование,40,hours,"63,610000","FS,FS","1.0,1.0",0,"{'Тестировщик №3 (3000руб/час)': 0, 'Тестировщик №1 (1000руб/час)': 0, 'Тестировщик №2 (1500руб/час)': 0}","{'Тестировщик №3 (3000руб/час)': 1, 'Тестировщик №1 (1000руб/час)': 1, 'Тестировщик №2 (1500руб/час)': 1}","{'Тестировщик №3 (3000руб/час)': 40, 'Тестировщик №1 (1000руб/час)': 40, 'Тестировщик №2 (1500руб/час)': 40}"
66,Аналитика (подпроект 11),Аналитика,40,hours,650000,FS,1.0,0,"{'Аналитик №3 (3000руб/час)': 0, 'Аналитик №2 (3000руб/час)': 0, 'Аналитик №1 (2000руб/час)': 0}","{'Аналитик №3 (3000руб/час)': 1, 'Аналитик №2 (3000руб/час)': 1, 'Аналитик №1 (2000руб/час)': 1}","{'Аналитик №3 (3000руб/час)': 40, 'Аналитик №2 (3000руб/час)': 40, 'Аналитик №1 (2000руб/час)': 40}"
67,Разработка (подпроект 11),Разработка,80,hours,"66,650000","FS,FS","1.0,1.0",0,"{'Разработчик №4 (4000руб/час)': 0, 'Разработчик №1 (2000руб/час)': 0, 'Разработчик №3 (3000руб/час)': 0, 'Разработчик №2 (4000руб/час)': 0}","{'Разработчик №4 (4000руб/час)': 1, 'Разработчик №1 (2000руб/час)': 1, 'Разработчик №3 (3000руб/час)': 1, 'Разработчик №2 (4000руб/час)': 1}","{'Разработчик №4 (4000руб/час)': 80, 'Разработчик №1 (2000руб/час)': 80, 'Разработчик №3 (3000руб/час)': 80, 'Разработчик №2 (4000руб/час)': 80}"
68,Тестирование (подпроект 11),Тестирование,40,hours,"67,650000","FS,FS","1.0,1.0",0,"{'Тестировщик №3 (3000руб/час)': 0, 'Тестировщик №1 (1000руб/час)': 0, 'Тестировщик №2 (1500руб/час)': 0}","{'Тестировщик №3 (3000руб/час)': 1, 'Тестировщик №1 (1000руб/час)': 1, 'Тестировщик №2 (1500руб/час)': 1}","{'Тестировщик №3 (3000руб/час)': 40, 'Тестировщик №1 (1000руб/час)': 40, 'Тестировщик №2 (1500руб/час)': 40}"
70,Аналитика (проект 12),Аналитика,80,hours,690000,FS,1.0,0,"{'Аналитик №3 (3000руб/час)': 0, 'Аналитик №2 (3000руб/час)': 0, 'Аналитик №1 (2000руб/час)': 0}","{'Аналитик №3 (3000руб/час)': 1, 'Аналитик №2 (3000руб/час)': 1, 'Аналитик №1 (2000руб/час)': 1}","{'Аналитик №3 (3000руб/час)': 80, 'Аналитик №2 (3000руб/час)': 80, 'Аналитик №1 (2000руб/час)': 80}"
71,Разработка (проект 12),Разработка,160,hours,"70,690000","FS,FS","1.0,1.0",0,"{'Разработчик №4 (4000руб/час)': 0, 'Разработчик №1 (2000руб/час)': 0, 'Разработчик №3 (3000руб/час)': 0, 'Разработчик №2 (4000руб/час)': 0}","{'Разработчик №4 (4000руб/час)': 1, 'Разработчик №1 (2000руб/час)': 1, 'Разработчик №3 (3000руб/час)': 1, 'Разработчик №2 (4000руб/час)': 1}","{'Разработчик №4 (4000руб/час)': 160, 'Разработчик №1 (2000руб/час)': 160, 'Разработчик №3 (3000руб/час)': 160, 'Разработчик №2 (4000руб/час)': 160}"
72,Тестирование (проект 12),Тестирование,80,hours,"71,690000","FS,FS","1.0,1.0",0,"{'Тестировщик №3 (3000руб/час)': 0, 'Тестировщик №1 (1000руб/час)': 0, 'Тестировщик №2 (1500руб/час)': 0}","{'Тестировщик №3 (3000руб/час)': 1, 'Тестировщик №1 (1000руб/час)': 1, 'Тестировщик №2 (1500руб/час)': 1}","{'Тестировщик №3 (3000руб/час)': 80, 'Тестировщик №1 (1000руб/час)': 80, 'Тестировщик №2 (1500руб/час)': 80}"
74,Аналитика (проект 13),Аналитика,120,hours,"64,730000","FS,FS","1.0,1.0",0,"{'Аналитик №3 (3000руб/час)': 0, 'Аналитик №2 (3000руб/час)': 0, 'Аналитик №1 (2000руб/час)': 0}","{'Аналитик №3 (3000руб/час)': 1, 'Аналитик №2 (3000руб/час)': 1, 'Аналитик №1 (2000руб/час)': 1}","{'Аналитик №3 (3000руб/час)': 120, 'Аналитик №2 (3000руб/час)': 120, 'Аналитик №1 (2000руб/час)': 120}"
75,Разработка (проект 13),Разработка,240,hours,"74,730000","FS,FS","1.0,1.0",0,"{'Разработчик №4 (4000руб/час)': 0, 'Разработчик №1 (2000руб/час)': 0, 'Разработчик №3 (3000руб/час)': 0, 'Разработчик №2 (4000руб/час)': 0}","{'Разработчик №4 (4000руб/час)': 1, 'Разработчик №1 (2000руб/час)': 1, 'Разработчик №3 (3000руб/час)': 1, 'Разработчик №2 (4000руб/час)': 1}","{'Разработчик №4 (4000руб/час)': 240, 'Разработчик №1 (2000руб/час)': 240, 'Разработчик №3 (3000руб/час)': 240, 'Разработчик №2 (4000руб/час)': 240}"
76,Тестирование (проект 13),Тестирование,120,hours,"75,730000","FS,FS","1.0,1.0",0,"{'Тестировщик №3 (3000руб/час)': 0, 'Тестировщик №1 (1000руб/час)': 0, 'Тестировщик №2 (1500руб/час)': 0}","{'Тестировщик №3 (3000руб/час)': 1, 'Тестировщик №1 (1000руб/час)': 1, 'Тестировщик №2 (1500руб/час)': 1}","{'Тестировщик №3 (3000руб/час)': 120, 'Тестировщик №1 (1000руб/час)': 120, 'Тестировщик №2 (1500руб/час)': 120}"
78,Аналитика (подпроект 13.1),Аналитика,40,hours,770000,FS,1.0,0,"{'Аналитик №3 (3000руб/час)': 0, 'Аналитик №2 (3000руб/час)': 0, 'Аналитик №1 (2000руб/час)': 0}","{'Аналитик №3 (3000руб/час)': 1, 'Аналитик №2 (3000руб/час)': 1, 'Аналитик №1 (2000руб/час)': 1}","{'Аналитик №3 (3000руб/час)': 40, 'Аналитик №2 (3000руб/час)': 40, 'Аналитик №1 (2000руб/час)': 40}"
79,Разработка (подпроект 13.1),Разработка,80,hours,"78,770000","FS,FS","1.0,1.0",0,"{'Разработчик №4 (4000руб/час)': 0, 'Разработчик №1 (2000руб/час)': 0, 'Разработчик №3 (3000руб/час)': 0, 'Разработчик №2 (4000руб/час)': 0}","{'Разработчик №4 (4000руб/час)': 1, 'Разработчик №1 (2000руб/час)': 1, 'Разработчик №3 (3000руб/час)': 1, 'Разработчик №2 (4000руб/час)': 1}","{'Разработчик №4 (4000руб/час)': 80, 'Разработчик №1 (2000руб/час)': 80, 'Разработчик №3 (3000руб/час)': 80, 'Разработчик №2 (4000руб/час)': 80}"
80,Тестирование (подпроект 13.1),Тестирование,40,hours,"79,770000","FS,FS","1.0,1.0",0,"{'Тестировщик №3 (3000руб/час)': 0, 'Тестировщик №1 (1000руб/час)': 0, 'Тестировщик №2 (1500руб/час)': 0}","{'Тестировщик №3 (3000руб/час)': 1, 'Тестировщик №1 (1000руб/час)': 1, 'Тестировщик №2 (1500руб/час)': 1}","{'Тестировщик №3 (3000руб/час)': 40, 'Тестировщик №1 (1000руб/час)': 40, 'Тестировщик №2 (1500руб/час)': 40}"
82,Аналитика (подпроект 13.2),Аналитика,40,hours,"80,810000","FS,FS","1.0,1.0",0,"{'Аналитик №3 (3000руб/час)': 0, 'Аналитик №2 (3000руб/час)': 0, 'Аналитик №1 (2000руб/час)': 0}","{'Аналитик №3 (3000руб/час)': 1, 'Аналитик №2 (3000руб/час)': 1, 'Аналитик №1 (2000руб/час)': 1}","{'Аналитик №3 (3000руб/час)': 40, 'Аналитик №2 (3000руб/час)': 40, 'Аналитик №1 (2000руб/час)': 40}"
83,Разработка (подпроект 13.2),Разработка,80,hours,"82,810000","FS,FS","1.0,1.0",0,"{'Разработчик №4 (4000руб/час)': 0, 'Разработчик №1 (2000руб/час)': 0, 'Разработчик №3 (3000руб/час)': 0, 'Разработчик №2 (4000руб/час)': 0}","{'Разработчик №4 (4000руб/час)': 1, 'Разработчик №1 (2000руб/час)': 1, 'Разработчик №3 (3000руб/час)': 1, 'Разработчик №2 (4000руб/час)': 1}","{'Разработчик №4 (4000руб/час)': 80, 'Разработчик №1 (2000руб/час)': 80, 'Разработчик №3 (3000руб/час)': 80, 'Разработчик №2 (4000руб/час)': 80}"
84,Тестирование (подпроект 13.2),Тестирование,40,hours,"83,810000","FS,FS","1.0,1.0",0,"{'Тестировщик №3 (3000руб/час)': 0, 'Тестировщик №1 (1000руб/час)': 0, 'Тестировщик №2 (1500руб/час)': 0}","{'Тестировщик №3 (3000руб/час)': 1, 'Тестировщик №1 (1000руб/час)': 1, 'Тестировщик №2 (1500руб/час)': 1}","{'Тестировщик №3 (3000руб/час)': 40, 'Тестировщик №1 (1000руб/час)': 40, 'Тестировщик №2 (1500руб/час)': 40}"
86,Аналитика (проект 14),Аналитика,40,hours,850000,FS,1.0,0,"{'Аналитик №3 (3000руб/час)': 0, 'Аналитик №2 (3000руб/час)': 0, 'Аналитик №1 (2000руб/час)': 0}","{'Аналитик №3 (3000руб/час)': 1, 'Аналитик №2 (3000руб/час)': 1, 'Аналитик №1 (2000руб/час)': 1}","{'Аналитик №3 (3000руб/час)': 40, 'Аналитик №2 (3000руб/час)': 40, 'Аналитик №1 (2000руб/час)': 40}"
87,Разработка (проект 14),Разработка,80,hours,"86,850000","FS,FS","1.0,1.0",0,"{'Разработчик №4 (4000руб/час)': 0, 'Разработчик №1 (2000руб/час)': 0, 'Разработчик №3 (3000руб/час)': 0, 'Разработчик №2 (4000руб/час)': 0}","{'Разработчик №4 (4000руб/час)': 1, 'Разработчик №1 (2000руб/час)': 1, 'Разработчик №3 (3000руб/час)': 1, 'Разработчик №2 (4000руб/час)': 1}","{'Разработчик №4 (4000руб/час)': 80, 'Разработчик №1 (2000руб/час)': 80, 'Разработчик №3 (3000руб/час)': 80, 'Разработчик №2 (4000руб/час)': 80}"
88,Тестирование (проект 14),Тестирование,40,hours,"87,850000","FS,FS","1.0,1.0",0,"{'Тестировщик №3 (3000руб/час)': 0, 'Тестировщик №1 (1000руб/час)': 0, 'Тестировщик №2 (1500руб/час)': 0}","{'Тестировщик №3 (3000руб/час)': 1, 'Тестировщик №1 (1000руб/час)': 1, 'Тестировщик №2 (1500руб/час)': 1}","{'Тестировщик №3 (3000руб/час)': 40, 'Тестировщик №1 (1000руб/час)': 40, 'Тестировщик №2 (1500руб/час)': 40}"
90,Аналитика (подпроект 14),Аналитика,40,hours,890000,FS,1.0,0,"{'Аналитик №3 (3000руб/час)': 0, 'Аналитик №2 (3000руб/час)': 0, 'Аналитик №1 (2000руб/час)': 0}","{'Аналитик №3 (3000руб/час)': 1, 'Аналитик №2 (3000руб/час)': 1, 'Аналитик №1 (2000руб/час)': 1}","{'Аналитик №3 (3000руб/час)': 40, 'Аналитик №2 (3000руб/час)': 40, 'Аналитик №1 (2000руб/час)': 40}"
91,Разработка (подпроект 14),Разработка,80,hours,"90,890000","FS,FS","1.0,1.0",0,"{'Разработчик №4 (4000руб/час)': 0, 'Разработчик №1 (2000руб/час)': 0, 'Разработчик №3 (3000руб/час)': 0, 'Разработчик №2 (4000руб/час)': 0}","{'Разработчик №4 (4000руб/час)': 1, 'Разработчик №1 (2000руб/час)': 1, 'Разработчик №3 (3000руб/час)': 1, 'Разработчик №2 (4000руб/час)': 1}","{'Разработчик №4 (4000руб/час)': 80, 'Разработчик №1 (2000руб/час)': 80, 'Разработчик №3 (3000руб/час)': 80, 'Разработчик №2 (4000руб/час)': 80}"
92,Тестирование (подпроект 14),Тестирование,40,hours,"91,890000","FS,FS","1.0,1.0",0,"{'Тестировщик №3 (3000руб/час)': 0, 'Тестировщик №1 (1000руб/час)': 0, 'Тестировщик №2 (1500руб/час)': 0}","{'Тестировщик №3 (3000руб/час)': 1, 'Тестировщик №1 (1000руб/час)': 1, 'Тестировщик №2 (1500руб/час)': 1}","{'Тестировщик №3 (3000руб/час)': 40, 'Тестировщик №1 (1000руб/час)': 40, 'Тестировщик №2 (1500руб/час)': 40}"
94,Аналитика (проект 15),Аналитика,80,hours,930000,FS,1.0,0,"{'Аналитик №3 (3000руб/час)': 0, 'Аналитик №2 (3000руб/час)': 0, 'Аналитик №1 (2000руб/час)': 0}","{'Аналитик №3 (3000руб/час)': 1, 'Аналитик №2 (3000руб/час)': 1, 'Аналитик №1 (2000руб/час)': 1}","{'Аналитик №3 (3000руб/час)': 80, 'Аналитик №2 (3000руб/час)': 80, 'Аналитик №1 (2000руб/час)': 80}"
95,Разработка (проект 15),Разработка,160,hours,"94,930000","FS,FS","1.0,1.0",0,"{'Разработчик №4 (4000руб/час)': 0, 'Разработчик №1 (2000руб/час)': 0, 'Разработчик №3 (3000руб/час)': 0, 'Разработчик №2 (4000руб/час)': 0}","{'Разработчик №4 (4000руб/час)': 1, 'Разработчик №1 (2000руб/час)': 1, 'Разработчик №3 (3000руб/час)': 1, 'Разработчик №2 (4000руб/час)': 1}","{'Разработчик №4 (4000руб/час)': 160, 'Разработчик №1 (2000руб/час)': 160, 'Разработчик №3 (3000руб/час)': 160, 'Разработчик №2 (4000руб/час)': 160}"
96,Тестирование (проект 15),Тестирование,80,hours,"95,930000","FS,FS","1.0,1.0",0,"{'Тестировщик №3 (3000руб/час)': 0, 'Тестировщик №1 (1000руб/час)': 0, 'Тестировщик №2 (1500руб/час)': 0}","{'Тестировщик №3 (3000руб/час)': 1, 'Тестировщик №1 (1000руб/час)': 1, 'Тестировщик №2 (1500руб/час)': 1}","{'Тестировщик №3 (3000руб/час)': 80, 'Тестировщик №1 (1000руб/час)': 80, 'Тестировщик №2 (1500руб/час)': 80}"
98,Аналитика (проект 16),Аналитика,120,hours,970000,FS,1.0,0,"{'Аналитик №3 (3000руб/час)': 0, 'Аналитик №2 (3000руб/час)': 0, 'Аналитик №1 (2000руб/час)': 0}","{'Аналитик №3 (3000руб/час)': 1, 'Аналитик №2 (3000руб/час)': 1, 'Аналитик №1 (2000руб/час)': 1}","{'Аналитик №3 (3000руб/час)': 120, 'Аналитик №2 (3000руб/час)': 120, 'Аналитик №1 (2000руб/час)': 120}"
99,Разработка (проект 16),Разработка,240,hours,"98,970000","FS,FS","1.0,1.0",0,"{'Разработчик №4 (4000руб/час)': 0, 'Разработчик №1 (2000руб/час)': 0, 'Разработчик №3 (3000руб/час)': 0, 'Разработчик №2 (4000руб/час)': 0}","{'Разработчик №4 (4000руб/час)': 1, 'Разработчик №1 (2000руб/час)': 1, 'Разработчик №3 (3000руб/час)': 1, 'Разработчик №2 (4000руб/час)': 1}","{'Разработчик №4 (4000руб/час)': 240, 'Разработчик №1 (2000руб/час)': 240, 'Разработчик №3 (3000руб/час)': 240, 'Разработчик №2 (4000руб/час)': 240}"
100,Тестирование (проект 16),Тестирование,120,hours,"99,970000","FS,FS","1.0,1.0",0,"{'Тестировщик №3 (3000руб/час)': 0, 'Тестировщик №1 (1000руб/час)': 0, 'Тестировщик №2 (1500руб/час)': 0}","{'Тестировщик №3 (3000руб/час)': 1, 'Тестировщик №1 (1000руб/час)': 1, 'Тестировщик №2 (1500руб/час)': 1}","{'Тестировщик №3 (3000руб/час)': 120, 'Тестировщик №1 (1000руб/час)': 120, 'Тестировщик №2 (1500руб/час)': 120}"
102,Аналитика (проект 17),Аналитика,40,hours,1010000,FS,1.0,0,"{'Аналитик №3 (3000руб/час)': 0, 'Аналитик №2 (3000руб/час)': 0, 'Аналитик №1 (2000руб/час)': 0}","{'Аналитик №3 (3000руб/час)': 1, 'Аналитик №2 (3000руб/час)': 1, 'Аналитик №1 (2000руб/час)': 1}","{'Аналитик №3 (3000руб/час)': 40, 'Аналитик №2 (3000руб/час)': 40, 'Аналитик №1 (2000руб/час)': 40}"
103,Разработка (проект 17),Разработка,80,hours,"102,1010000","FS,FS","1.0,1.0",0,"{'Разработчик №4 (4000руб/час)': 0, 'Разработчик №1 (2000руб/час)': 0, 'Разработчик №3 (3000руб/час)': 0, 'Разработчик №2 (4000руб/час)': 0}","{'Разработчик №4 (4000руб/час)': 1, 'Разработчик №1 (2000руб/час)': 1, 'Разработчик №3 (3000руб/час)': 1, 'Разработчик №2 (4000руб/час)': 1}","{'Разработчик №4 (4000руб/час)': 80, 'Разработчик №1 (2000руб/час)': 80, 'Разработчик №3 (3000руб/час)': 80, 'Разработчик №2 (4000руб/час)': 80}"
104,Тестирование (проект 17),Тестирование,40,hours,"103,1010000","FS,FS","1.0,1.0",0,"{'Тестировщик №3 (3000руб/час)': 0, 'Тестировщик №1 (1000руб/час)': 0, 'Тестировщик №2 (1500руб/час)': 0}","{'Тестировщик №3 (3000руб/час)': 1, 'Тестировщик №1 (1000руб/час)': 1, 'Тестировщик №2 (1500руб/час)': 1}","{'Тестировщик №3 (3000руб/час)': 40, 'Тестировщик №1 (1000руб/час)': 40, 'Тестировщик №2 (1500руб/час)': 40}"
106,Аналитика (подпроект 17),Аналитика,40,hours,1050000,FS,1.0,0,"{'Аналитик №3 (3000руб/час)': 0, 'Аналитик №2 (3000руб/час)': 0, 'Аналитик №1 (2000руб/час)': 0}","{'Аналитик №3 (3000руб/час)': 1, 'Аналитик №2 (3000руб/час)': 1, 'Аналитик №1 (2000руб/час)': 1}","{'Аналитик №3 (3000руб/час)': 40, 'Аналитик №2 (3000руб/час)': 40, 'Аналитик №1 (2000руб/час)': 40}"
107,Разработка (подпроект 17),Разработка,80,hours,"106,1050000","FS,FS","1.0,1.0",0,"{'Разработчик №4 (4000руб/час)': 0, 'Разработчик №1 (2000руб/час)': 0, 'Разработчик №3 (3000руб/час)': 0, 'Разработчик №2 (4000руб/час)': 0}","{'Разработчик №4 (4000руб/час)': 1, 'Разработчик №1 (2000руб/час)': 1, 'Разработчик №3 (3000руб/час)': 1, 'Разработчик №2 (4000руб/час)': 1}","{'Разработчик №4 (4000руб/час)': 80, 'Разработчик №1 (2000руб/час)': 80, 'Разработчик №3 (3000руб/час)': 80, 'Разработчик №2 (4000руб/час)': 80}"
108,Тестирование (подпроект 17),Тестирование,40,hours,"107,1050000","FS,FS","1.0,1.0",0,"{'Тестировщик №3 (3000руб/час)': 0, 'Тестировщик №1 (1000руб/час)': 0, 'Тестировщик №2 (1500руб/час)': 0}","{'Тестировщик №3 (3000руб/час)': 1, 'Тестировщик №1 (1000руб/час)': 1, 'Тестировщик №2 (1500руб/час)': 1}","{'Тестировщик №3 (3000руб/час)': 40, 'Тестировщик №1 (1000руб/час)': 40, 'Тестировщик №2 (1500руб/час)': 40}"
110,Аналитика (проект 18),Аналитика,80,hours,1090000,FS,1.0,0,"{'Аналитик №3 (3000руб/час)': 0, 'Аналитик №2 (3000руб/час)': 0, 'Аналитик №1 (2000руб/час)': 0}","{'Аналитик №3 (3000руб/час)': 1, 'Аналитик №2 (3000руб/час)': 1, 'Аналитик №1 (2000руб/час)': 1}","{'Аналитик №3 (3000руб/час)': 80, 'Аналитик №2 (3000руб/час)': 80, 'Аналитик №1 (2000руб/час)': 80}"
111,Разработка (проект 18),Разработка,160,hours,"110,1090000","FS,FS","1.0,1.0",0,"{'Разработчик №4 (4000руб/час)': 0, 'Разработчик №1 (2000руб/час)': 0, 'Разработчик №3 (3000руб/час)': 0, 'Разработчик №2 (4000руб/час)': 0}","{'Разработчик №4 (4000руб/час)': 1, 'Разработчик №1 (2000руб/час)': 1, 'Разработчик №3 (3000руб/час)': 1, 'Разработчик №2 (4000руб/час)': 1}","{'Разработчик №4 (4000руб/час)': 160, 'Разработчик №1 (2000руб/час)': 160, 'Разработчик №3 (3000руб/час)': 160, 'Разработчик №2 (4000руб/час)': 160}"
112,Тестирование (проект 18),Тестирование,80,hours,"111,1090000","FS,FS","1.0,1.0",0,"{'Тестировщик №3 (3000руб/час)': 0, 'Тестировщик №1 (1000руб/час)': 0, 'Тестировщик №2 (1500руб/час)': 0}","{'Тестировщик №3 (3000руб/час)': 1, 'Тестировщик №1 (1000руб/час)': 1, 'Тестировщик №2 (1500руб/час)': 1}","{'Тестировщик №3 (3000руб/час)': 80, 'Тестировщик №1 (1000руб/час)': 80, 'Тестировщик №2 (1500руб/час)': 80}"
114,Аналитика (проект 19),Аналитика,120,hours,"104,1130000","FS,FS","1.0,1.0",0,"{'Аналитик №3 (3000руб/час)': 0, 'Аналитик №2 (3000руб/час)': 0, 'Аналитик №1 (2000руб/час)': 0}","{'Аналитик №3 (3000руб/час)': 1, 'Аналитик №2 (3000руб/час)': 1, 'Аналитик №1 (2000руб/час)': 1}","{'Аналитик №3 (3000руб/час)': 120, 'Аналитик №2 (3000руб/час)': 120, 'Аналитик №1 (2000руб/час)': 120}"
115,Разработка (проект 19),Разработка,240,hours,"114,1130000","FS,FS","1.0,1.0",0,"{'Разработчик №4 (4000руб/час)': 0, 'Разработчик №1 (2000руб/час)': 0, 'Разработчик №3 (3000руб/час)': 0, 'Разработчик №2 (4000руб/час)': 0}","{'Разработчик №4 (4000руб/час)': 1, 'Разработчик №1 (2000руб/час)': 1, 'Разработчик №3 (3000руб/час)': 1, 'Разработчик №2 (4000руб/час)': 1}","{'Разработчик №4 (4000руб/час)': 240, 'Разработчик №1 (2000руб/час)': 240, 'Разработчик №3 (3000руб/час)': 240, 'Разработчик №2 (4000руб/час)': 240}"
116,Тестирование (проект 19),Тестирование,120,hours,"115,1130000","FS,FS","1.0,1.0",0,"{'Тестировщик №3 (3000руб/час)': 0, 'Тестировщик №1 (1000руб/час)': 0, 'Тестировщик №2 (1500руб/час)': 0}","{'Тестировщик №3 (3000руб/час)': 1, 'Тестировщик №1 (1000руб/час)': 1, 'Тестировщик №2 (1500руб/час)': 1}","{'Тестировщик №3 (3000руб/час)': 120, 'Тестировщик №1 (1000руб/час)': 120, 'Тестировщик №2 (1500руб/час)': 120}"
118,Аналитика (подпроект 19.1),Аналитика,40,hours,"104,1170000","FS,FS","1.0,1.0",0,"{'Аналитик №3 (3000руб/час)': 0, 'Аналитик №2 (3000руб/час)': 0, 'Аналитик №1 (2000руб/час)': 0}","{'Аналитик №3 (3000руб/час)': 1, 'Аналитик №2 (3000руб/час)': 1, 'Аналитик №1 (2000руб/час)': 1}","{'Аналитик №3 (3000руб/час)': 40, 'Аналитик №2 (3000руб/час)': 40, 'Аналитик №1 (2000руб/час)': 40}"
119,Разработка (подпроект 19.1),Разработка,80,hours,"118,1170000","FS,FS","1.0,1.0",0,"{'Разработчик №4 (4000руб/час)': 0, 'Разработчик №1 (2000руб/час)': 0, 'Разработчик №3 (3000руб/час)': 0, 'Разработчик №2 (4000руб/час)': 0}","{'Разработчик №4 (4000руб/час)': 1, 'Разработчик №1 (2000руб/час)': 1, 'Разработчик №3 (3000руб/час)': 1, 'Разработчик №2 (4000руб/час)': 1}","{'Разработчик №4 (4000руб/час)': 80, 'Разработчик №1 (2000руб/час)': 80, 'Разработчик №3 (3000руб/час)': 80, 'Разработчик №2 (4000руб/час)': 80}"
120,Тестирование (подпроект 19.1),Тестирование,40,hours,"119,1170000","FS,FS","1.0,1.0",0,"{'Тестировщик №3 (3000руб/час)': 0, 'Тестировщик №1 (1000руб/час)': 0, 'Тестировщик №2 (1500руб/час)': 0}","{'Тестировщик №3 (3000руб/час)': 1, 'Тестировщик №1 (1000руб/час)': 1, 'Тестировщик №2 (1500руб/час)': 1}","{'Тестировщик №3 (3000руб/час)': 40, 'Тестировщик №1 (1000руб/час)': 40, 'Тестировщик №2 (1500руб/час)': 40}"
122,Аналитика (подпроект 19.2),Аналитика,40,hours,"120,1210000","FS,FS","1.0,1.0",0,"{'Аналитик №3 (3000руб/час)': 0, 'Аналитик №2 (3000руб/час)': 0, 'Аналитик №1 (2000руб/час)': 0}","{'Аналитик №3 (3000руб/час)': 1, 'Аналитик №2 (3000руб/час)': 1, 'Аналитик №1 (2000руб/час)': 1}","{'Аналитик №3 (3000руб/час)': 40, 'Аналитик №2 (3000руб/час)': 40, 'Аналитик №1 (2000руб/час)': 40}"
123,Разработка (подпроект 19.2),Разработка,80,hours,"122,1210000","FS,FS","1.0,1.0",0,"{'Разработчик №4 (4000руб/час)': 0, 'Разработчик №1 (2000руб/час)': 0, 'Разработчик №3 (3000руб/час)': 0, 'Разработчик №2 (4000руб/час)': 0}","{'Разработчик №4 (4000руб/час)': 1, 'Разработчик №1 (2000руб/час)': 1, 'Разработчик №3 (3000руб/час)': 1, 'Разработчик №2 (4000руб/час)': 1}","{'Разработчик №4 (4000руб/час)': 80, 'Разработчик №1 (2000руб/час)': 80, 'Разработчик №3 (3000руб/час)': 80, 'Разработчик №2 (4000руб/час)': 80}"
124,Тестирование (подпроект 19.2),Тестирование,40,hours,"123,1210000","FS,FS","1.0,1.0",0,"{'Тестировщик №3 (3000руб/час)': 0, 'Тестировщик №1 (1000руб/час)': 0, 'Тестировщик №2 (1500руб/час)': 0}","{'Тестировщик №3 (3000руб/час)': 1, 'Тестировщик №1 (1000руб/час)': 1, 'Тестировщик №2 (1500руб/час)': 1}","{'Тестировщик №3 (3000руб/час)': 40, 'Тестировщик №1 (1000руб/час)': 40, 'Тестировщик №2 (1500руб/час)': 40}"
126,Аналитика (проект 20),Аналитика,40,hours,"123,1250000","FS,FS","1.0,1.0",0,"{'Аналитик №3 (3000руб/час)': 0, 'Аналитик №2 (3000руб/час)': 0, 'Аналитик №1 (2000руб/час)': 0}","{'Аналитик №3 (3000руб/час)': 1, 'Аналитик №2 (3000руб/час)': 1, 'Аналитик №1 (2000руб/час)': 1}","{'Аналитик №3 (3000руб/час)': 40, 'Аналитик №2 (3000руб/час)': 40, 'Аналитик №1 (2000руб/час)': 40}"
127,Разработка (проект 20),Разработка,80,hours,"126,1250000","FS,FS","1.0,1.0",0,"{'Разработчик №4 (4000руб/час)': 0, 'Разработчик №1 (2000руб/час)': 0, 'Разработчик №3 (3000руб/час)': 0, 'Разработчик №2 (4000руб/час)': 0}","{'Разработчик №4 (4000руб/час)': 1, 'Разработчик №1 (2000руб/час)': 1, 'Разработчик №3 (3000руб/час)': 1, 'Разработчик №2 (4000руб/час)': 1}","{'Разработчик №4 (4000руб/час)': 80, 'Разработчик №1 (2000руб/час)': 80, 'Разработчик №3 (3000руб/час)': 80, 'Разработчик №2 (4000руб/час)': 80}"
128,Тестирование (проект 20),Тестирование,40,hours,"127,1250000","FS,FS","1.0,1.0",0,"{'Тестировщик №3 (3000руб/час)': 0, 'Тестировщик №1 (1000руб/час)': 0, 'Тестировщик №2 (1500руб/час)': 0}","{'Тестировщик №3 (3000руб/час)': 1, 'Тестировщик №1 (1000руб/час)': 1, 'Тестировщик №2 (1500руб/час)': 1}","{'Тестировщик №3 (3000руб/час)': 40, 'Тестировщик №1 (1000руб/час)': 40, 'Тестировщик №2 (1500руб/час)': 40}"
130,Аналитика (подпроект 20),Аналитика,40,hours,"118,1290000","FS,FS","1.0,1.0",0,"{'Аналитик №3 (3000руб/час)': 0, 'Аналитик №2 (3000руб/час)': 0, 'Аналитик №1 (2000руб/час)': 0}","{'Аналитик №3 (3000руб/час)': 1, 'Аналитик №2 (3000руб/час)': 1, 'Аналитик №1 (2000руб/час)': 1}","{'Аналитик №3 (3000руб/час)': 40, 'Аналитик №2 (3000руб/час)': 40, 'Аналитик №1 (2000руб/час)': 40}"
131,Разработка (подпроект 20),Разработка,80,hours,"130,1290000","FS,FS","1.0,1.0",0,"{'Разработчик №4 (4000руб/час)': 0, 'Разработчик №1 (2000руб/час)': 0, 'Разработчик №3 (3000руб/час)': 0, 'Разработчик №2 (4000руб/час)': 0}","{'Разработчик №4 (4000руб/час)': 1, 'Разработчик №1 (2000руб/час)': 1, 'Разработчик №3 (3000руб/час)': 1, 'Разработчик №2 (4000руб/час)': 1}","{'Разработчик №4 (4000руб/час)': 80, 'Разработчик №1 (2000руб/час)': 80, 'Разработчик №3 (3000руб/час)': 80, 'Разработчик №2 (4000руб/час)': 80}"
132,Тестирование (подпроект 20),Тестирование,40,hours,"131,1290000","FS,FS","1.0,1.0",0,"{'Тестировщик №3 (3000руб/час)': 0, 'Тестировщик №1 (1000руб/час)': 0, 'Тестировщик №2 (1500руб/час)': 0}","{'Тестировщик №3 (3000руб/час)': 1, 'Тестировщик №1 (1000руб/час)': 1, 'Тестировщик №2 (1500руб/час)': 1}","{'Тестировщик №3 (3000руб/час)': 40, 'Тестировщик №1 (1000руб/час)': 40, 'Тестировщик №2 (1500руб/час)': 40}"
134,Аналитика (проект 21),Аналитика,80,hours,"100,1330000","FS,FS","1.0,1.0",0,"{'Аналитик №3 (3000руб/час)': 0, 'Аналитик №2 (3000руб/час)': 0, 'Аналитик №1 (2000руб/час)': 0}","{'Аналитик №3 (3000руб/час)': 1, 'Аналитик №2 (3000руб/час)': 1, 'Аналитик №1 (2000руб/час)': 1}","{'Аналитик №3 (3000руб/час)': 80, 'Аналитик №2 (3000руб/час)': 80, 'Аналитик №1 (2000руб/час)': 80}"
135,Разработка (проект 21),Разработка,160,hours,"134,1330000","FS,FS","1.0,1.0",0,"{'Разработчик №4 (4000руб/час)': 0, 'Разработчик №1 (2000руб/час)': 0, 'Разработчик №3 (3000руб/час)': 0, 'Разработчик №2 (4000руб/час)': 0}","{'Разработчик №4 (4000руб/час)': 1, 'Разработчик №1 (2000руб/час)': 1, 'Разработчик №3 (3000руб/час)': 1, 'Разработчик №2 (4000руб/час)': 1}","{'Разработчик №4 (4000руб/час)': 160, 'Разработчик №1 (2000руб/час)': 160, 'Разработчик №3 (3000руб/час)': 160, 'Разработчик №2 (4000руб/час)': 160}"
136,Тестирование (проект 21),Тестирование,80,hours,"135,1330000","FS,FS","1.0,1.0",0,"{'Тестировщик №3 (3000руб/час)': 0, 'Тестировщик №1 (1000руб/час)': 0, 'Тестировщик №2 (1500руб/час)': 0}","{'Тестировщик №3 (3000руб/час)': 1, 'Тестировщик №1 (1000руб/час)': 1, 'Тестировщик №2 (1500руб/час)': 1}","{'Тестировщик №3 (3000руб/час)': 80, 'Тестировщик №1 (1000руб/час)': 80, 'Тестировщик №2 (1500руб/час)': 80}"
0,Начало работ Хакатон 2024,Начало работ,0,hours,,,,1,{},{},{}
1111,Окончание работ Хакатон 2024,Окончание работ,0,hours,"171111,291111,571111,1131111,411111,491111,691111,11111,91111,851111,1251111,931111,1331111,131111,1011111,1091111,731111,971111,531111,611111,251111","FS,FS,FS,FS,FS,FS,FS,FS,FS,FS,FS,FS,FS,FS,FS,FS,FS,FS,FS,FS,FS","1.0,1.0,1.0,1.0,1.0,1.0,1.0,1.0,1.0,1.0,1.0,1.0,1.0,1.0,1.0,1.0,1.0,1.0,1.0,1.0,1.0",1,{},{},{}
170000,Начало работ Проект 4 ,Начало работ,0,hours,00000,FS,1.0,1,{},{},{}
171111,Окончание работ Проект 4 ,Окончание работ,0,hours,"19,18,20,211111","FS,FS,FS,FS","1.0,1.0,1.0,1.0",1,{},{},{}
290000,Начало работ Проект 6 ,Начало работ,0,hours,00000,FS,1.0,1,{},{},{}
291111,Окончание работ Проект 6 ,Окончание работ,0,hours,"331111,32,371111,30,31","FS,FS,FS,FS,FS","1.0,1.0,1.0,1.0,1.0",1,{},{},{}
570000,Начало работ Проект 10,Начало работ,0,hours,00000,FS,1.0,1,{},{},{}
571111,Окончание работ Проект 10,Окончание работ,0,hours,"59,60,58","FS,FS,FS","1.0,1.0,1.0",1,{},{},{}
1130000,Начало работ Проект 19 ,Начало работ,0,hours,00000,FS,1.0,1,{},{},{}
1131111,Окончание работ Проект 19 ,Окончание работ,0,hours,"115,114,116,1171111,1211111","FS,FS,FS,FS,FS","1.0,1.0,1.0,1.0,1.0",1,{},{},{}
410000,Начало работ Проект 7 ,Начало работ,0,hours,00000,FS,1.0,1,{},{},{}
411111,Окончание работ Проект 7 ,Окончание работ,0,hours,"451111,43,42,44","FS,FS,FS,FS","1.0,1.0,1.0,1.0",1,{},{},{}
490000,Начало работ Проект 8 ,Начало работ,0,hours,00000,FS,1.0,1,{},{},{}
491111,Окончание работ Проект 8 ,Окончание работ,0,hours,"51,52,50","FS,FS,FS","1.0,1.0,1.0",1,{},{},{}
690000,Начало работ Проект 12 ,Начало работ,0,hours,00000,FS,1.0,1,{},{},{}
691111,Окончание работ Проект 12 ,Окончание работ,0,hours,"72,70,71","FS,FS,FS","1.0,1.0,1.0",1,{},{},{}
10000,Начало работ Проект 1 ,Начало работ,0,hours,00000,FS,1.0,1,{},{},{}
11111,Окончание работ Проект 1 ,Окончание работ,0,hours,"2,51111,4,3","FS,FS,FS,FS","1.0,1.0,1.0,1.0",1,{},{},{}
90000,Начало работ Проект 2 ,Начало работ,0,hours,00000,FS,1.0,1,{},{},{}
91111,Окончание работ Проект 2 ,Окончание работ,0,hours,"10,11,12","FS,FS,FS","1.0,1.0,1.0",1,{},{},{}
850000,Начало работ Проект 14 ,Начало работ,0,hours,"411111,00000","FS,FS","1.0,1.0",1,{},{},{}
851111,Окончание работ Проект 14 ,Окончание работ,0,hours,"88,87,891111,86","FS,FS,FS,FS","1.0,1.0,1.0,1.0",1,{},{},{}
1250000,Начало работ Проект 20 ,Начало работ,0,hours,"11111,00000","FS,FS","1.0,1.0",1,{},{},{}
1251111,Окончание работ Проект 20 ,Окончание работ,0,hours,"128,1291111,126,127","FS,FS,FS,FS","1.0,1.0,1.0,1.0",1,{},{},{}
930000,Начало работ Проект 15 ,Начало работ,0,hours,"571111,00000","FS,FS","1.0,1.0",1,{},{},{}
931111,Окончание работ Проект 15 ,Окончание работ,0,hours,"95,94,96","FS,FS,FS","1.0,1.0,1.0",1,{},{},{}
1330000,Начало работ Проект 21 ,Начало работ,0,hours,00000,FS,1.0,1,{},{},{}
1331111,Окончание работ Проект 21 ,Окончание работ,0,hours,"135,136,134","FS,FS,FS","1.0,1.0,1.0",1,{},{},{}
130000,Начало работ Проект 3 ,Начало работ,0,hours,00000,FS,1.0,1,{},{},{}
131111,Окончание работ Проект 3 ,Окончание работ,0,hours,"15,14,16","FS,FS,FS","1.0,1.0,1.0",1,{},{},{}
1010000,Начало работ Проект 17 ,Начало работ,0,hours,00000,FS,1.0,1,{},{},{}
1011111,Окончание работ Проект 17 ,Окончание работ,0,hours,"1051111,103,102,104","FS,FS,FS,FS","1.0,1.0,1.0,1.0",1,{},{},{}
1090000,Начало работ Проект 18 ,Начало работ,0,hours,"91111,00000","FS,FS","1.0,1.0",1,{},{},{}
1091111,Окончание работ Проект 18 ,Окончание работ,0,hours,"110,112,111","FS,FS,FS","1.0,1.0,1.0",1,{},{},{}
730000,Начало работ Проект 13 ,Начало работ,0,hours,"411111,00000","FS,FS","1.0,1.0",1,{},{},{}
731111,Окончание работ Проект 13 ,Окончание работ,0,hours,"811111,76,75,771111,74","FS,FS,FS,FS,FS","1.0,1.0,1.0,1.0,1.0",1,{},{},{}
970000,Начало работ Проект 16 ,Начало работ,0,hours,00000,FS,1.0,1,{},{},{}
971111,Окончание работ Проект 16 ,Окончание работ,0,hours,"99,100,98","FS,FS,FS","1.0,1.0,1.0",1,{},{},{}
530000,Начало работ Проект 9 ,Начало работ,0,hours,00000,FS,1.0,1,{},{},{}
531111,Окончание работ Проект 9 ,Окончание работ,0,hours,"55,54,56","FS,FS,FS","1.0,1.0,1.0",1,{},{},{}
610000,Начало работ Проект 11,Начало работ,0,hours,00000,FS,1.0,1,{},{},{}
611111,Окончание работ Проект 11,Окончание работ,0,hours,"651111,63,62,64","FS,FS,FS,FS","1.0,1.0,1.0,1.0",1,{},{},{}
250000,Начало работ Проект 5 ,Начало работ,0,hours,00000,FS,1.0,1,{},{},{}
251111,Окончание работ Проект 5 ,Окончание работ,0,hours,"28,26,27","FS,FS,FS","1.0,1.0,1.0",1,{},{},{}
810000,Начало работ Подпроект 13.2 (проект 13),Начало работ,0,hours,730000,FS,1.0,1,{},{},{}
811111,Окончание работ Подпроект 13.2 (проект 13),Окончание работ,0,hours,"83,84,82","FS,FS,FS","1.0,1.0,1.0",1,{},{},{}
890000,Начало работ Подпроект 14 (проект 14),Начало работ,0,hours,850000,FS,1.0,1,{},{},{}
891111,Окончание работ Подпроект 14 (проект 14),Окончание работ,0,hours,"92,90,91","FS,FS,FS","1.0,1.0,1.0",1,{},{},{}
1050000,Начало работ Подпроект 17 (проект 17),Начало работ,0,hours,1010000,FS,1.0,1,{},{},{}
1051111,Окончание работ Подпроект 17 (проект 17),Окончание работ,0,hours,"108,106,107","FS,FS,FS","1.0,1.0,1.0",1,{},{},{}
1170000,Начало работ Подпроект 19.1 (проект 19),Начало работ,0,hours,1130000,FS,1.0,1,{},{},{}
1171111,Окончание работ Подпроект 19.1 (проект 19),Окончание работ,0,hours,"118,119,120","FS,FS,FS","1.0,1.0,1.0",1,{},{},{}
50000,Начало работ Подпроект 1 (проект 1),Начало работ,0,hours,10000,FS,1.0,1,{},{},{}
51111,Окончание работ Подпроект 1 (проект 1),Окончание работ,0,hours,"7,6,8","FS,FS,FS","1.0,1.0,1.0",1,{},{},{}
770000,Начало работ Подпроект 13.1 (проект 13),Начало работ,0,hours,730000,FS,1.0,1,{},{},{}
771111,Окончание работ Подпроект 13.1 (проект 13),Окончание работ,0,hours,"79,78,80","FS,FS,FS","1.0,1.0,1.0",1,{},{},{}
1210000,Начало работ Подпроект 19.2 (проект 19),Начало работ,0,hours,"104,1130000","FS,FS","1.0,1.0",1,{},{},{}
1211111,Окончание работ Подпроект 19.2 (проект 19),Окончание работ,0,hours,"123,122,124","FS,FS,FS","1.0,1.0,1.0",1,{},{},{}
370000,Начало работ Подпроект 6.2 (проект 6),Начало работ,0,hours,"20,290000","FS,FS","1.0,1.0",1,{},{},{}
371111,Окончание работ Подпроект 6.2 (проект 6),Окончание работ,0,hours,"38,40,39","FS,FS,FS","1.0,1.0,1.0",1,{},{},{}
1290000,Начало работ Подпроект 20 (проект 20),Начало работ,0,hours,1250000,FS,1.0,1,{},{},{}
1291111,Окончание работ Подпроект 20 (проект 20),Окончание работ,0,hours,"130,131,132","FS,FS,FS","1.0,1.0,1.0",1,{},{},{}
450000,Начало работ Подпроект 7 (проект 7),Начало работ,0,hours,410000,FS,1.0,1,{},{},{}
451111,Окончание работ Подпроект 7 (проект 7),Окончание работ,0,hours,"47,48,46","FS,FS,FS","1.0,1.0,1.0",1,{},{},{}
650000,Начало работ Подпроект 11 (проект 11),Начало работ,0,hours,610000,FS,1.0,1,{},{},{}
651111,Окончание работ Подпроект 11 (проект 11),Окончание работ,0,hours,"68,66,67","FS,FS,FS","1.0,1.0,1.0",1,{},{},{}
210000,Начало работ Подпроект 4 (проект 4),Начало работ,0,hours,170000,FS,1.0,1,{},{},{}
211111,Окончание работ Подпроект 4 (проект 4),Окончание работ,0,hours,"24,22,23","FS,FS,FS","1.0,1.0,1.0",1,{},{},{}
330000,Начало работ Подпроект 6.1 (проект 6),Начало работ,0,hours,290000,FS,1.0,1,{},{},{}
331111,Окончание работ Подпроект 6.1 (проект 6),Окончание работ,0,hours,"35,34,36","FS,FS,FS","1.0,1.0,1.0",1,{},{},{}
